platform,id,source,label,exclusion_reason
Instagram,17914184895430728,https://www.instagram.com/p/DbVeuN7ODka/c/17914184895430728,positive,
Instagram,18183618877411363,https://www.instagram.com/p/DbVeuN7ODka/c/18183618877411363,positive,
Instagram,18133272166573798,https://www.instagram.com/p/DdUkI6Bpv96/c/18133272166573798,neutral,
Instagram,17974312176129437,https://www.instagram.com/p/Dc01GV6vRSD/c/17974312176129437,neutral,
Instagram,18467207506115363,https://www.instagram.com/p/Db4JoFIOEua/c/18467207506115363,positive,
Instagram,18405208648081448,https://www.instagram.com/p/Db4JoFIOEua/c/18405208648081448,positive,
Instagram,17909799003464635,https://www.instagram.com/p/DcML0Qmvq3t/c/17909799003464635,positive,
Instagram,18163921048472749,https://www.instagram.com/p/DdZHKAxuCPU/c/18163921048472749,positive,
Instagram,17976798731920965,https://www.instagram.com/p/DdZHKAxuCPU/c/17976798731920965,excluded,known scheduled collaborator
Instagram,17905749291329356,https://www.instagram.com/p/DdZHKAxuCPU/c/17905749291329356,positive,
Instagram,18113842201921301,https://www.instagram.com/p/DauzBD6O-AF/c/18113842201921301,positive,
Instagram,18178707985413640,https://www.instagram.com/p/DauzBD6O-AF/c/18178707985413640,neutral,
Instagram,18125477020656315,https://www.instagram.com/p/DauzBD6O-AF/c/18125477020656315,excluded,conversational reply
Instagram,17983342812000292,https://www.instagram.com/p/Ddrzy6cj2fI/c/17983342812000292,excluded,known scheduled collaborator
Instagram,17942859765359618,https://www.instagram.com/p/Ddrzy6cj2fI/c/17942859765359618,excluded,band/team
Instagram,18119767748494232,https://www.instagram.com/p/Db1Av3XFjyw/c/18119767748494232,excluded,generic promotional solicitation
Instagram,18106116371125338,https://www.instagram.com/p/Db1Av3XFjyw/c/18106116371125338,excluded,generic promotional solicitation
Instagram,17900632176552419,https://www.instagram.com/p/Db1Av3XFjyw/c/17900632176552419,excluded,generic promotional solicitation
Instagram,18082946627251953,https://www.instagram.com/p/Db1Av3XFjyw/c/18082946627251953,excluded,generic promotional solicitation
Instagram,18077262290359457,https://www.instagram.com/p/Db1Av3XFjyw/c/18077262290359457,excluded,generic promotional solicitation
Instagram,18149049958532075,https://www.instagram.com/p/DdHX9cTB_1O/c/18149049958532075,excluded,praise for a different artist
Instagram,18116119979061417,https://www.instagram.com/p/DdUkI6Bpv96/c/18133272166573798/r/18116119979061417,excluded,band/team
Instagram,18095693696531587,https://www.instagram.com/p/Dc01GV6vRSD/c/17974312176129437/r/18095693696531587,excluded,band/team
Instagram,17882531394620092,https://www.instagram.com/p/Dc01GV6vRSD/c/17974312176129437/r/17882531394620092,excluded,conversational reply
Instagram,18020634509866644,https://www.instagram.com/p/Dc01GV6vRSD/c/17974312176129437/r/18020634509866644,excluded,band/team
Instagram,18132272710716717,https://www.instagram.com/p/DayOg5GJoqI/c/18132272710716717,neutral,
Instagram,18113651966165621,https://www.instagram.com/p/Dd4JyjahGqX/c/18113651966165621,positive,
Instagram,17893604721606518,https://www.instagram.com/p/DcML0Qmvq3t/c/17909799003464635/r/17893604721606518,excluded,band/team
Instagram,17891664234419513,https://www.instagram.com/p/DcML0Qmvq3t/c/17909799003464635/r/17891664234419513,excluded,conversational reply
Instagram,18126829682496660,https://www.instagram.com/p/DcML0Qmvq3t/c/17909799003464635/r/18126829682496660,excluded,band/team
Instagram,18097684174897088,https://www.instagram.com/p/DYVLOk4JPYO/c/18097684174897088,neutral,
Instagram,18028984949811835,https://www.instagram.com/p/DYVLOk4JPYO/c/18028984949811835,positive,
Instagram,17972237481117352,https://www.instagram.com/p/DayOg5GJoqI/c/18132272710716717/r/17972237481117352,excluded,band/team
Instagram,18100664162217145,https://www.instagram.com/p/DcJ2xqGp9Z9/c/18100664162217145,excluded,generic promotional solicitation
Instagram,17947133850315937,https://www.instagram.com/p/Dd1Zzq8P9MV/c/17947133850315937,positive,
Instagram,18193959775385759,https://www.instagram.com/p/DdEmIPOJofd/c/18193959775385759,positive,
Instagram,18114698927072281,https://www.instagram.com/p/DcjN1s-uf0h/c/18114698927072281,excluded,missing or empty text
TikTok,7684127072415728398,https://www.tiktok.com/@playheartracermusic/video/7683945273562795277,positive,
TikTok,7680703643066860319,https://www.tiktok.com/@playheartracermusic/video/7680610917175856397,positive,
TikTok,7678752651424563998,https://www.tiktok.com/@playheartracermusic/video/7678750796149738765,positive,
TikTok,7664704399957443358,https://www.tiktok.com/@playheartracermusic/video/7664634721179061518,positive,
TikTok,7630178166456353550,https://www.tiktok.com/@playheartracermusic/video/7624192222568795405,positive,
TikTok,7630263844179608351,https://www.tiktok.com/@playheartracermusic/video/7624192222568795405,excluded,ambiguous emoji
TikTok,7365976449429390126,https://www.tiktok.com/@playheartracermusic/video/7365960047337164074,excluded,unrelated consumer-product topic
TikTok,7371816885585576746,https://www.tiktok.com/@playheartracermusic/video/7365960047337164074,excluded,unrelated consumer-product topic
TikTok,7365980161064092459,https://www.tiktok.com/@playheartracermusic/video/7365960047337164074,excluded,unrelated consumer-product topic
TikTok,7365973622820012830,https://www.tiktok.com/@playheartracermusic/video/7365960047337164074,excluded,unrelated consumer-product topic
TikTok,7365987995768570654,https://www.tiktok.com/@playheartracermusic/video/7365960047337164074,excluded,unrelated consumer-product topic
TikTok,7365980825575572255,https://www.tiktok.com/@playheartracermusic/video/7365960047337164074,excluded,unrelated consumer-product topic
TikTok,7365981149582213931,https://www.tiktok.com/@playheartracermusic/video/7365960047337164074,excluded,unrelated consumer-product topic
TikTok,7365976077552468778,https://www.tiktok.com/@playheartracermusic/video/7365960047337164074,excluded,unrelated consumer-product topic
TikTok,7365979681189643039,https://www.tiktok.com/@playheartracermusic/video/7365960047337164074,excluded,unrelated consumer-product topic
TikTok,7365980588035244831,https://www.tiktok.com/@playheartracermusic/video/7365960047337164074,excluded,unrelated consumer-product topic
TikTok,7365975032995922734,https://www.tiktok.com/@playheartracermusic/video/7365960047337164074,excluded,unrelated consumer-product topic
TikTok,7630238996383253262,https://www.tiktok.com/@playheartracermusic/video/7629800892258176269,positive,
TikTok,7630048086212936469,https://www.tiktok.com/@playheartracermusic/video/7629800892258176269,positive,
TikTok,7630237997728203534,https://www.tiktok.com/@playheartracermusic/video/7629800892258176269,excluded,ambiguous emoji
TikTok,7630238024400175885,https://www.tiktok.com/@playheartracermusic/video/7629800892258176269,excluded,ambiguous emoji
TikTok,7632022724387013407,https://www.tiktok.com/@playheartracermusic/video/7632005718702394638,excluded,known featured collaborator
TikTok,7632195194364101390,https://www.tiktok.com/@playheartracermusic/video/7632005718702394638,positive,
TikTok,7632096078557348622,https://www.tiktok.com/@playheartracermusic/video/7632005718702394638,positive,
TikTok,7632348572109619982,https://www.tiktok.com/@playheartracermusic/video/7632005718702394638,positive,
TikTok,7632170286628324127,https://www.tiktok.com/@playheartracermusic/video/7632005718702394638,positive,
YouTube,UgyiKEQ_O0y5h-o_m9l4AaABAg,https://www.youtube.com/watch?v=eG1nSCztqtY&lc=UgyiKEQ_O0y5h-o_m9l4AaABAg,positive,
YouTube,UgyiKEQ_O0y5h-o_m9l4AaABAg.A-He2kQhxtKA6g0fG3qk5i,https://www.youtube.com/watch?v=eG1nSCztqtY&lc=UgyiKEQ_O0y5h-o_m9l4AaABAg.A-He2kQhxtKA6g0fG3qk5i,excluded,band/team reply
YouTube,UgyiKEQ_O0y5h-o_m9l4AaABAg.A-He2kQhxtKA_6uI8m21Al,https://www.youtube.com/watch?v=eG1nSCztqtY&lc=UgyiKEQ_O0y5h-o_m9l4AaABAg.A-He2kQhxtKA_6uI8m21Al,excluded,band/team reply
YouTube,UgyiKEQ_O0y5h-o_m9l4AaABAg.A-He2kQhxtKA_6uye-7M_x,https://www.youtube.com/watch?v=eG1nSCztqtY&lc=UgyiKEQ_O0y5h-o_m9l4AaABAg.A-He2kQhxtKA_6uye-7M_x,excluded,band/team reply
YouTube,UgynEyP7-FxrgtPJstR4AaABAg,https://www.youtube.com/watch?v=eG1nSCztqtY&lc=UgynEyP7-FxrgtPJstR4AaABAg,neutral,
YouTube,UgynEyP7-FxrgtPJstR4AaABAg.9pXsbPdv6QAA-9yUs6VK3b,https://www.youtube.com/watch?v=eG1nSCztqtY&lc=UgynEyP7-FxrgtPJstR4AaABAg.9pXsbPdv6QAA-9yUs6VK3b,excluded,band/team reply
YouTube,UgwjfMRJBiVz8HcM09J4AaABAg,https://www.youtube.com/watch?v=eG1nSCztqtY&lc=UgwjfMRJBiVz8HcM09J4AaABAg,positive,
YouTube,Ugxi1s-yTBKPlJWJJ7R4AaABAg,https://www.youtube.com/watch?v=eG1nSCztqtY&lc=Ugxi1s-yTBKPlJWJJ7R4AaABAg,excluded,known collaborator
YouTube,Ugxi1s-yTBKPlJWJJ7R4AaABAg.9owZasg61xaAQQVmWRaFex,https://www.youtube.com/watch?v=eG1nSCztqtY&lc=Ugxi1s-yTBKPlJWJJ7R4AaABAg.9owZasg61xaAQQVmWRaFex,excluded,band/team reply
YouTube,Ugw8iqHAH5pwmkVwxOp4AaABAg,https://www.youtube.com/watch?v=eG1nSCztqtY&lc=Ugw8iqHAH5pwmkVwxOp4AaABAg,positive,
YouTube,Ugw8iqHAH5pwmkVwxOp4AaABAg.9ou_XSIXT1AA-9yW4egRRX,https://www.youtube.com/watch?v=eG1nSCztqtY&lc=Ugw8iqHAH5pwmkVwxOp4AaABAg.9ou_XSIXT1AA-9yW4egRRX,excluded,band/team reply
YouTube,UgwQRZHCzm4y2lNDEHZ4AaABAg,https://www.youtube.com/watch?v=eG1nSCztqtY&lc=UgwQRZHCzm4y2lNDEHZ4AaABAg,positive,
YouTube,UgwQRZHCzm4y2lNDEHZ4AaABAg.9om5jJXUuI-9oo4z8XmBwX,https://www.youtube.com/watch?v=eG1nSCztqtY&lc=UgwQRZHCzm4y2lNDEHZ4AaABAg.9om5jJXUuI-9oo4z8XmBwX,excluded,band/team reply
YouTube,UgwQRZHCzm4y2lNDEHZ4AaABAg.9om5jJXUuI-9oqRSVPEGBV,https://www.youtube.com/watch?v=eG1nSCztqtY&lc=UgwQRZHCzm4y2lNDEHZ4AaABAg.9om5jJXUuI-9oqRSVPEGBV,excluded,reply (retained qualitatively)
YouTube,UgzEKkXie3BoccfIInR4AaABAg,https://www.youtube.com/watch?v=eG1nSCztqtY&lc=UgzEKkXie3BoccfIInR4AaABAg,positive,
YouTube,UgzEKkXie3BoccfIInR4AaABAg.9oku0qEXDqf9oo50EXQ4vG,https://www.youtube.com/watch?v=eG1nSCztqtY&lc=UgzEKkXie3BoccfIInR4AaABAg.9oku0qEXDqf9oo50EXQ4vG,excluded,band/team reply
YouTube,UgyK6yVfKH1dSafSO9Z4AaABAg,https://www.youtube.com/watch?v=eBBpfPmW6SY&lc=UgyK6yVfKH1dSafSO9Z4AaABAg,positive,
YouTube,UgyK6yVfKH1dSafSO9Z4AaABAg.Aadv2aN-b7NAb6inj2W3Pq,https://www.youtube.com/watch?v=eBBpfPmW6SY&lc=UgyK6yVfKH1dSafSO9Z4AaABAg.Aadv2aN-b7NAb6inj2W3Pq,excluded,band/team reply
YouTube,UgyI_k2FWBEXNRrAumF4AaABAg,https://www.youtube.com/watch?v=eBBpfPmW6SY&lc=UgyI_k2FWBEXNRrAumF4AaABAg,positive,
YouTube,UgyI_k2FWBEXNRrAumF4AaABAg.AacVFXqDenHAacaKGoZTFm,https://www.youtube.com/watch?v=eBBpfPmW6SY&lc=UgyI_k2FWBEXNRrAumF4AaABAg.AacVFXqDenHAacaKGoZTFm,excluded,band/team reply
YouTube,UgyI_k2FWBEXNRrAumF4AaABAg.AacVFXqDenHAaduFEntFnq,https://www.youtube.com/watch?v=eBBpfPmW6SY&lc=UgyI_k2FWBEXNRrAumF4AaABAg.AacVFXqDenHAaduFEntFnq,excluded,reply (retained qualitatively)
YouTube,UgwxR7RC67gJNCR3AR94AaABAg,https://www.youtube.com/watch?v=eBBpfPmW6SY&lc=UgwxR7RC67gJNCR3AR94AaABAg,positive,
YouTube,UgwxR7RC67gJNCR3AR94AaABAg.AacIh09JZnDAacRZqJsYIF,https://www.youtube.com/watch?v=eBBpfPmW6SY&lc=UgwxR7RC67gJNCR3AR94AaABAg.AacIh09JZnDAacRZqJsYIF,excluded,band/team reply
YouTube,Ugw5pei-FRGwo466UY54AaABAg,https://www.youtube.com/watch?v=SaFQElkKl0k&lc=Ugw5pei-FRGwo466UY54AaABAg,positive,
YouTube,UgyKIE40cbMFFtLviNN4AaABAg,https://www.youtube.com/watch?v=SaFQElkKl0k&lc=UgyKIE40cbMFFtLviNN4AaABAg,positive,
YouTube,UgyKIE40cbMFFtLviNN4AaABAg.A_cO4VJomt6A_ef1D59Djc,https://www.youtube.com/watch?v=SaFQElkKl0k&lc=UgyKIE40cbMFFtLviNN4AaABAg.A_cO4VJomt6A_ef1D59Djc,excluded,band/team reply
YouTube,UgxWcNbaQoqYS-Jud8J4AaABAg,https://www.youtube.com/watch?v=SaFQElkKl0k&lc=UgxWcNbaQoqYS-Jud8J4AaABAg,positive,
YouTube,UgxWcNbaQoqYS-Jud8J4AaABAg.A_Tcf6YwOjTA_WYUvP7ePd,https://www.youtube.com/watch?v=SaFQElkKl0k&lc=UgxWcNbaQoqYS-Jud8J4AaABAg.A_Tcf6YwOjTA_WYUvP7ePd,excluded,band/team reply
YouTube,UgxV5GdWULYpzIw7rQx4AaABAg,https://www.youtube.com/watch?v=SaFQElkKl0k&lc=UgxV5GdWULYpzIw7rQx4AaABAg,positive,
YouTube,UgxV5GdWULYpzIw7rQx4AaABAg.A_NjSZiKj8IA_OouTEX7Co,https://www.youtube.com/watch?v=SaFQElkKl0k&lc=UgxV5GdWULYpzIw7rQx4AaABAg.A_NjSZiKj8IA_OouTEX7Co,excluded,band/team reply
YouTube,UgytmEf99d0gWJ91aVF4AaABAg,https://www.youtube.com/watch?v=SaFQElkKl0k&lc=UgytmEf99d0gWJ91aVF4AaABAg,positive,
YouTube,UgytmEf99d0gWJ91aVF4AaABAg.A_LhecdRKpDA_RBolKgblR,https://www.youtube.com/watch?v=SaFQElkKl0k&lc=UgytmEf99d0gWJ91aVF4AaABAg.A_LhecdRKpDA_RBolKgblR,excluded,band/team reply
YouTube,UgxhxhLy5bIUBbYTF_J4AaABAg,https://www.youtube.com/watch?v=SaFQElkKl0k&lc=UgxhxhLy5bIUBbYTF_J4AaABAg,excluded,known collaborator
YouTube,UgxhxhLy5bIUBbYTF_J4AaABAg.A_LHA5TnaXFA_Ooym9Ll2S,https://www.youtube.com/watch?v=SaFQElkKl0k&lc=UgxhxhLy5bIUBbYTF_J4AaABAg.A_LHA5TnaXFA_Ooym9Ll2S,excluded,band/team reply
YouTube,UgzDm7VqHaSr3wHCTOZ4AaABAg,https://www.youtube.com/watch?v=SaFQElkKl0k&lc=UgzDm7VqHaSr3wHCTOZ4AaABAg,positive,
YouTube,UgzDm7VqHaSr3wHCTOZ4AaABAg.A_Ku7ad-XNGA_LDSLeqGO-,https://www.youtube.com/watch?v=SaFQElkKl0k&lc=UgzDm7VqHaSr3wHCTOZ4AaABAg.A_Ku7ad-XNGA_LDSLeqGO-,excluded,band/team reply
YouTube,UgyUHI3BIZi3D8sLp_x4AaABAg,https://www.youtube.com/watch?v=SaFQElkKl0k&lc=UgyUHI3BIZi3D8sLp_x4AaABAg,neutral,
YouTube,UgyUHI3BIZi3D8sLp_x4AaABAg.A_KjkkwF5t5A_LDOKinXeP,https://www.youtube.com/watch?v=SaFQElkKl0k&lc=UgyUHI3BIZi3D8sLp_x4AaABAg.A_KjkkwF5t5A_LDOKinXeP,excluded,band/team reply
YouTube,UgxPod3e7tRMJ8xuitJ4AaABAg,https://www.youtube.com/watch?v=SaFQElkKl0k&lc=UgxPod3e7tRMJ8xuitJ4AaABAg,positive,
YouTube,UgxPod3e7tRMJ8xuitJ4AaABAg.A_IGyAgId4JA_LDcewJExH,https://www.youtube.com/watch?v=SaFQElkKl0k&lc=UgxPod3e7tRMJ8xuitJ4AaABAg.A_IGyAgId4JA_LDcewJExH,excluded,band/team reply
YouTube,UgwFaocyhIq6T_oE0394AaABAg,https://www.youtube.com/watch?v=SaFQElkKl0k&lc=UgwFaocyhIq6T_oE0394AaABAg,positive,
YouTube,UgwFaocyhIq6T_oE0394AaABAg.A_HrQF-0lYGA_LDQ0BUDGd,https://www.youtube.com/watch?v=SaFQElkKl0k&lc=UgwFaocyhIq6T_oE0394AaABAg.A_HrQF-0lYGA_LDQ0BUDGd,excluded,band/team reply
YouTube,Ugy7YbF_INhtGZBTAbt4AaABAg,https://www.youtube.com/watch?v=SaFQElkKl0k&lc=Ugy7YbF_INhtGZBTAbt4AaABAg,positive,
YouTube,Ugy7YbF_INhtGZBTAbt4AaABAg.A_HW-xcUZShA_LDf88WoDf,https://www.youtube.com/watch?v=SaFQElkKl0k&lc=Ugy7YbF_INhtGZBTAbt4AaABAg.A_HW-xcUZShA_LDf88WoDf,excluded,band/team reply
YouTube,UgzTEhZBbFhqVu1UL2t4AaABAg,https://www.youtube.com/watch?v=SaFQElkKl0k&lc=UgzTEhZBbFhqVu1UL2t4AaABAg,positive,
YouTube,UgzTEhZBbFhqVu1UL2t4AaABAg.A_GSRrKQWM6A_GupFj26HK,https://www.youtube.com/watch?v=SaFQElkKl0k&lc=UgzTEhZBbFhqVu1UL2t4AaABAg.A_GSRrKQWM6A_GupFj26HK,excluded,band/team reply
YouTube,UgyCADtQFwFIm6O1kFJ4AaABAg,https://www.youtube.com/watch?v=SaFQElkKl0k&lc=UgyCADtQFwFIm6O1kFJ4AaABAg,positive,
YouTube,UgyCADtQFwFIm6O1kFJ4AaABAg.A_GM4IwzpsjA_GumUHYBn6,https://www.youtube.com/watch?v=SaFQElkKl0k&lc=UgyCADtQFwFIm6O1kFJ4AaABAg.A_GM4IwzpsjA_GumUHYBn6,excluded,band/team reply
YouTube,UgzxIuE18Djj5-Y9cWZ4AaABAg,https://www.youtube.com/watch?v=SaFQElkKl0k&lc=UgzxIuE18Djj5-Y9cWZ4AaABAg,positive,
YouTube,UgzxIuE18Djj5-Y9cWZ4AaABAg.A_EcRWA8BdjA_GunxsArop,https://www.youtube.com/watch?v=SaFQElkKl0k&lc=UgzxIuE18Djj5-Y9cWZ4AaABAg.A_EcRWA8BdjA_GunxsArop,excluded,band/team reply
YouTube,Ugwf_2U_IAg7yMbS2eN4AaABAg,https://www.youtube.com/watch?v=l4d9wNC0yQQ&lc=Ugwf_2U_IAg7yMbS2eN4AaABAg,positive,
YouTube,UgxsjJwaHCdUggdmJC54AaABAg,https://www.youtube.com/watch?v=l4d9wNC0yQQ&lc=UgxsjJwaHCdUggdmJC54AaABAg,positive,
YouTube,UgxsjJwaHCdUggdmJC54AaABAg.9qx1F9juF5aA-9yN4H-1-K,https://www.youtube.com/watch?v=l4d9wNC0yQQ&lc=UgxsjJwaHCdUggdmJC54AaABAg.9qx1F9juF5aA-9yN4H-1-K,excluded,band/team reply
YouTube,UgyR4efIqJtpXlH8fJd4AaABAg,https://www.youtube.com/watch?v=l4d9wNC0yQQ&lc=UgyR4efIqJtpXlH8fJd4AaABAg,positive,
YouTube,UgyR4efIqJtpXlH8fJd4AaABAg.9q_xMHOL_vy9r-kZ5JPrSG,https://www.youtube.com/watch?v=l4d9wNC0yQQ&lc=UgyR4efIqJtpXlH8fJd4AaABAg.9q_xMHOL_vy9r-kZ5JPrSG,excluded,band/team reply
YouTube,Ugy_8bnelLXSpT-VNtB4AaABAg,https://www.youtube.com/watch?v=l4d9wNC0yQQ&lc=Ugy_8bnelLXSpT-VNtB4AaABAg,positive,
YouTube,Ugy_8bnelLXSpT-VNtB4AaABAg.9qVE9Cnx9Tf9qVTKG8BpSy,https://www.youtube.com/watch?v=l4d9wNC0yQQ&lc=Ugy_8bnelLXSpT-VNtB4AaABAg.9qVE9Cnx9Tf9qVTKG8BpSy,excluded,band/team reply
YouTube,Ugy_8bnelLXSpT-VNtB4AaABAg.9qVE9Cnx9TfA-9yOcPnfsJ,https://www.youtube.com/watch?v=l4d9wNC0yQQ&lc=Ugy_8bnelLXSpT-VNtB4AaABAg.9qVE9Cnx9TfA-9yOcPnfsJ,excluded,band/team reply
YouTube,UgxKWH84HgTLNtFEvOB4AaABAg,https://www.youtube.com/watch?v=l4d9wNC0yQQ&lc=UgxKWH84HgTLNtFEvOB4AaABAg,positive,
YouTube,UgxKWH84HgTLNtFEvOB4AaABAg.9qV9XY-GaDWA-9yQVjaqSv,https://www.youtube.com/watch?v=l4d9wNC0yQQ&lc=UgxKWH84HgTLNtFEvOB4AaABAg.9qV9XY-GaDWA-9yQVjaqSv,excluded,band/team reply
YouTube,UgwBvRmFTFc79PSrvuN4AaABAg,https://www.youtube.com/watch?v=l4d9wNC0yQQ&lc=UgwBvRmFTFc79PSrvuN4AaABAg,excluded,known collaborator
YouTube,UgwBvRmFTFc79PSrvuN4AaABAg.9qUgvk1fvYR9r-oXkaUpfC,https://www.youtube.com/watch?v=l4d9wNC0yQQ&lc=UgwBvRmFTFc79PSrvuN4AaABAg.9qUgvk1fvYR9r-oXkaUpfC,excluded,band/team reply
YouTube,Ugz156jTJIhSngCtUCh4AaABAg,https://www.youtube.com/watch?v=l4d9wNC0yQQ&lc=Ugz156jTJIhSngCtUCh4AaABAg,positive,
YouTube,Ugz156jTJIhSngCtUCh4AaABAg.9qUb98tlPN6A-9yTnIkYPw,https://www.youtube.com/watch?v=l4d9wNC0yQQ&lc=Ugz156jTJIhSngCtUCh4AaABAg.9qUb98tlPN6A-9yTnIkYPw,excluded,band/team reply
YouTube,UgxIJtydfTK5Z6CqRwF4AaABAg,https://www.youtube.com/watch?v=l4d9wNC0yQQ&lc=UgxIJtydfTK5Z6CqRwF4AaABAg,positive,
YouTube,UgxIJtydfTK5Z6CqRwF4AaABAg.9qT2OTuZ6Xb9qTw8gvu8Q7,https://www.youtube.com/watch?v=l4d9wNC0yQQ&lc=UgxIJtydfTK5Z6CqRwF4AaABAg.9qT2OTuZ6Xb9qTw8gvu8Q7,excluded,band/team reply
YouTube,UgwpHoH2L7HjwS2Fle14AaABAg,https://www.youtube.com/watch?v=47uBIj16yGk&lc=UgwpHoH2L7HjwS2Fle14AaABAg,positive,
YouTube,UgwpHoH2L7HjwS2Fle14AaABAg.9y5kdalxha2A-9y7Ev4D27,https://www.youtube.com/watch?v=47uBIj16yGk&lc=UgwpHoH2L7HjwS2Fle14AaABAg.9y5kdalxha2A-9y7Ev4D27,excluded,band/team reply
YouTube,Ugy1ZC4ShagsvqgoFyR4AaABAg,https://www.youtube.com/watch?v=47uBIj16yGk&lc=Ugy1ZC4ShagsvqgoFyR4AaABAg,positive,
YouTube,Ugy1ZC4ShagsvqgoFyR4AaABAg.9nfDWlk4ct89vWFlRSz0Mh,https://www.youtube.com/watch?v=47uBIj16yGk&lc=Ugy1ZC4ShagsvqgoFyR4AaABAg.9nfDWlk4ct89vWFlRSz0Mh,excluded,band/team reply
YouTube,Ugzyp3r-LHSnDzBcOeV4AaABAg,https://www.youtube.com/watch?v=47uBIj16yGk&lc=Ugzyp3r-LHSnDzBcOeV4AaABAg,positive,
YouTube,Ugzyp3r-LHSnDzBcOeV4AaABAg.9mXAmXUX_Nr9vWFg1leBTG,https://www.youtube.com/watch?v=47uBIj16yGk&lc=Ugzyp3r-LHSnDzBcOeV4AaABAg.9mXAmXUX_Nr9vWFg1leBTG,excluded,band/team reply
YouTube,UgzCoxQkXgfpedmliBB4AaABAg,https://www.youtube.com/watch?v=47uBIj16yGk&lc=UgzCoxQkXgfpedmliBB4AaABAg,excluded,uninterpretable text
YouTube,UgzxrCYFhj5fVFFCrUd4AaABAg,https://www.youtube.com/watch?v=47uBIj16yGk&lc=UgzxrCYFhj5fVFFCrUd4AaABAg,excluded,uninterpretable text
YouTube,UgwvLFse713fbMqr8uB4AaABAg,https://www.youtube.com/watch?v=47uBIj16yGk&lc=UgwvLFse713fbMqr8uB4AaABAg,excluded,uninterpretable text
YouTube,UgwvLFse713fbMqr8uB4AaABAg.9mGceLy21xNA-9yXuBU7Fn,https://www.youtube.com/watch?v=47uBIj16yGk&lc=UgwvLFse713fbMqr8uB4AaABAg.9mGceLy21xNA-9yXuBU7Fn,excluded,band/team reply
YouTube,UgwIC1W817J1TuSU2Dt4AaABAg,https://www.youtube.com/watch?v=47uBIj16yGk&lc=UgwIC1W817J1TuSU2Dt4AaABAg,positive,
YouTube,UgwIC1W817J1TuSU2Dt4AaABAg.9mE1nANB5-O9vWFiTvyEpk,https://www.youtube.com/watch?v=47uBIj16yGk&lc=UgwIC1W817J1TuSU2Dt4AaABAg.9mE1nANB5-O9vWFiTvyEpk,excluded,band/team reply
YouTube,UgwGefbbEYpK82-S4894AaABAg,https://www.youtube.com/watch?v=47uBIj16yGk&lc=UgwGefbbEYpK82-S4894AaABAg,positive,
YouTube,UgykH6NQwRZxoU37bTN4AaABAg,https://www.youtube.com/watch?v=47uBIj16yGk&lc=UgykH6NQwRZxoU37bTN4AaABAg,positive,
YouTube,UgykH6NQwRZxoU37bTN4AaABAg.9m49irmji7w9mAy-A9xEcM,https://www.youtube.com/watch?v=47uBIj16yGk&lc=UgykH6NQwRZxoU37bTN4AaABAg.9m49irmji7w9mAy-A9xEcM,excluded,band/team reply
YouTube,UgykD9shlMU8EBbW_SJ4AaABAg,https://www.youtube.com/watch?v=47uBIj16yGk&lc=UgykD9shlMU8EBbW_SJ4AaABAg,positive,
YouTube,UgykD9shlMU8EBbW_SJ4AaABAg.9lyrmZfcoid9lyxB2I6zZR,https://www.youtube.com/watch?v=47uBIj16yGk&lc=UgykD9shlMU8EBbW_SJ4AaABAg.9lyrmZfcoid9lyxB2I6zZR,excluded,band/team reply
YouTube,UgwXU-laa-aHgASzgSd4AaABAg,https://www.youtube.com/watch?v=47uBIj16yGk&lc=UgwXU-laa-aHgASzgSd4AaABAg,positive,
YouTube,UgwXU-laa-aHgASzgSd4AaABAg.9lxYQ6R-xfe9lyxIsIk5LW,https://www.youtube.com/watch?v=47uBIj16yGk&lc=UgwXU-laa-aHgASzgSd4AaABAg.9lxYQ6R-xfe9lyxIsIk5LW,excluded,band/team reply
Facebook,Y29tbWVudDoxNDU1Mzg3NTAzMDgwODM3XzkxMDYxNDY3MTc1MTI3NA==,https://www.facebook.com/reel/1405159798259875/?comment_id=910614671751274,neutral,
Facebook,Y29tbWVudDoxNDU1Mzg3NTAzMDgwODM3XzEwODQyMzY4Njc0OTI3MjY=,https://www.facebook.com/reel/1405159798259875/?comment_id=1084236867492726,positive,
Facebook,Y29tbWVudDoxNDU1Mzg3NTAzMDgwODM3XzE1NDY1Mzg0NzAxMTkzNDc=,https://www.facebook.com/reel/1405159798259875/?comment_id=1546538470119347,positive,
Facebook,Y29tbWVudDoxNDU5Mzc1Nzg5MzQ4Njc1XzE0ODM2MjIzNjAyNjI3NDc=,https://www.facebook.com/reel/27884201984594872/?comment_id=1483622360262747,positive,
Facebook,Y29tbWVudDoxNDU5Mzc1Nzg5MzQ4Njc1XzIxODU0NTUxNjg5ODk2NjA=,https://www.facebook.com/reel/27884201984594872/?comment_id=2185455168989660,positive,
Facebook,Y29tbWVudDoxNDU5Mzc1Nzg5MzQ4Njc1XzEwNDU1MTAyODE4NzkyODU=,https://www.facebook.com/reel/27884201984594872/?comment_id=1045510281879285,neutral,
Facebook,Y29tbWVudDoxNDQ2MjM0ODMzOTk2MTA0XzE4NjQxNzA3OTQ5NjE1MjM=,https://www.facebook.com/reel/1536812361087785/?comment_id=1864170794961523,neutral,
Facebook,Y29tbWVudDoxNDQ2MjM0ODMzOTk2MTA0XzkzOTY3NzY4ODQ4MTI0NA==,https://www.facebook.com/reel/1536812361087785/?comment_id=939677688481244,positive,
Facebook,Y29tbWVudDoxNDU1Mzg3NTAzMDgwODM3XzE2ODYzNjg2MDY4Mjk5MDg=,https://www.facebook.com/reel/1405159798259875/?comment_id=910614671751274&reply_comment_id=1686368606829908,excluded,band/team
Facebook,Y29tbWVudDoxNDU1Mzg3NTAzMDgwODM3XzE4NDQwNjE1MzMyMjMyOTU=,https://www.facebook.com/reel/1405159798259875/?comment_id=910614671751274&reply_comment_id=1844061533223295,excluded,conversational reply
Facebook,Y29tbWVudDoxNDU1Mzg3NTAzMDgwODM3XzE0ODkyNTUyNTMwMDk0MzA=,https://www.facebook.com/reel/1405159798259875/?comment_id=1084236867492726&reply_comment_id=1489255253009430,excluded,band/team
Facebook,Y29tbWVudDoxNDU1Mzg3NTAzMDgwODM3XzE3OTI1NTcxOTUxMDY1NTc=,https://www.facebook.com/reel/1405159798259875/?comment_id=1084236867492726&reply_comment_id=1792557195106557,excluded,conversational reply
Facebook,Y29tbWVudDoxNDU1Mzg3NTAzMDgwODM3XzE2MTk4ODEzNDk5MzM2Njk=,https://www.facebook.com/reel/1405159798259875/?comment_id=1084236867492726&reply_comment_id=1619881349933669,excluded,band/team
Facebook,Y29tbWVudDoxNDQ5NDIxNTIzNjc3NDM1Xzg0Mzg5NTgyODcxMzg1OQ==,https://www.facebook.com/reel/1445861757600928/?comment_id=843895828713859,positive,
Facebook,Y29tbWVudDoxNDQ5NDIxNTIzNjc3NDM1XzE0NTk1MTA2NjI2NTUxNTA=,https://www.facebook.com/reel/1445861757600928/?comment_id=1459510662655150,neutral,
Facebook,Y29tbWVudDoxNDQ5NDIxNTIzNjc3NDM1XzI4MzU2ODMzMTU3MjgzMjgy,https://www.facebook.com/reel/1445861757600928/?comment_id=28356833157283282,positive,
Facebook,Y29tbWVudDoxNDU5Mzc1Nzg5MzQ4Njc1XzEzNjQwNTg0MTIzNzc1MTU=,https://www.facebook.com/reel/27884201984594872/?comment_id=2185455168989660&reply_comment_id=1364058412377515,excluded,band/team
Facebook,Y29tbWVudDoxNDU5Mzc1Nzg5MzQ4Njc1XzI0OTY4ODg4NDEwODQzMzc=,https://www.facebook.com/reel/27884201984594872/?comment_id=1483622360262747&reply_comment_id=2496888841084337,excluded,band/team
Facebook,Y29tbWVudDoxNDM3NjUwMDYxNTIxMjQ4XzE3MTk2MjExMTkzNjQ1MjY=,https://www.facebook.com/playheartracer/posts/pfbid0JPCWdGbVCtSytNMeg3LGH2hQTXpxB6UX4hZWNBLQ2Yiwy3Kwkz2bPAm4ZiwL6vbWl?comment_id=1719621119364526,positive,
Facebook,Y29tbWVudDoxNDM3NjUwMDYxNTIxMjQ4XzExMDc2NDczODUzNzM5Mjg=,https://www.facebook.com/playheartracer/posts/pfbid0JPCWdGbVCtSytNMeg3LGH2hQTXpxB6UX4hZWNBLQ2Yiwy3Kwkz2bPAm4ZiwL6vbWl?comment_id=1107647385373928,excluded,unrelated lifestyle topic
Facebook,Y29tbWVudDoxNDM3NjUwMDYxNTIxMjQ4Xzc2Mjk2ODEzMDI0MzIxMw==,https://www.facebook.com/playheartracer/posts/pfbid0JPCWdGbVCtSytNMeg3LGH2hQTXpxB6UX4hZWNBLQ2Yiwy3Kwkz2bPAm4ZiwL6vbWl?comment_id=762968130243213,positive,
Facebook,Y29tbWVudDoxNDU5Mzc1Nzg5MzQ4Njc1XzE0MDIwMzgyNjg1MjM0Nzc=,https://www.facebook.com/reel/27884201984594872/?comment_id=1045510281879285&reply_comment_id=1402038268523477,excluded,band/team
Facebook,Y29tbWVudDoxNDQ2MjM0ODMzOTk2MTA0XzEzNzcwNjg3MTA1OTAyOTA=,https://www.facebook.com/reel/1536812361087785/?comment_id=1864170794961523&reply_comment_id=1377068710590290,excluded,band/team
Facebook,Y29tbWVudDoxNDQ5NDIxNTIzNjc3NDM1XzIzMjE3MTExNDg2NDc2NzM=,https://www.facebook.com/reel/1445861757600928/?comment_id=843895828713859&reply_comment_id=2321711148647673,excluded,band/team
Facebook,Y29tbWVudDoxNDU2ODUxNzMyOTM0NDE0XzE0MDgwMTI2NTc5NDM5ODc=,https://www.facebook.com/playheartracer/posts/pfbid033Rjx52wJJNdM2C7XELxectNs16DyLEpL4557rZuEo8dQR1xzA2ghzTYSxTwuzUvBl?comment_id=1408012657943987,excluded,unrelated lifestyle topic
Facebook,Y29tbWVudDoxNDU2ODUxNzMyOTM0NDE0XzExMDQzMjQ2MzE5NDU2MTY=,https://www.facebook.com/playheartracer/posts/pfbid033Rjx52wJJNdM2C7XELxectNs16DyLEpL4557rZuEo8dQR1xzA2ghzTYSxTwuzUvBl?comment_id=1104324631945616,excluded,unrelated lifestyle topic
Facebook,Y29tbWVudDoxNDU2ODUxNzMyOTM0NDE0Xzk3MDc1MDY4MjcwMTk0OA==,https://www.facebook.com/playheartracer/posts/pfbid033Rjx52wJJNdM2C7XELxectNs16DyLEpL4557rZuEo8dQR1xzA2ghzTYSxTwuzUvBl?comment_id=970750682701948,excluded,unrelated lifestyle topic
Facebook,Y29tbWVudDoxNDM3NjUwMDYxNTIxMjQ4XzE1NjUxNTIwNjE3NDcyNjU=,https://www.facebook.com/playheartracer/posts/pfbid0JPCWdGbVCtSytNMeg3LGH2hQTXpxB6UX4hZWNBLQ2Yiwy3Kwkz2bPAm4ZiwL6vbWl?comment_id=1107647385373928&reply_comment_id=1565152061747265,excluded,band/team
