platform,id,date_utc,url,format,likes,comments,plays_or_views,shares
Instagram,3986117760898323184,2026-09-14T16:12:38.000Z,https://www.instagram.com/p/DdRiPvzOFLw/,Image,5,0,,
Instagram,3988250419367781332,2026-09-17T14:53:36.000Z,https://www.instagram.com/p/DdZHKAxuCPU/,Image,41,3,,
Instagram,3996917347520016749,2026-09-29T13:51:32.000Z,https://www.instagram.com/p/Dd35yanhvFt/,Image,10,0,,
Instagram,3993513293696165832,2026-09-24T21:05:04.000Z,https://www.instagram.com/p/Ddrzy6cj2fI/,Image,18,2,,
Instagram,3983223951740299403,2026-09-10T16:24:55.000Z,https://www.instagram.com/p/DdHQRSATuiL/,Video,33,0,694,
Instagram,3991803948010861946,2026-09-22T12:30:20.000Z,https://www.instagram.com/p/DdlvIqOMHV6/,Video,6,0,192,
Instagram,3983257772774391118,2026-09-10T17:36:21.000Z,https://www.instagram.com/p/DdHX9cTB_1O/,Video,8,1,167,
Instagram,3978037903190987907,2026-09-03T12:39:44.000Z,https://www.instagram.com/p/Dc01GV6vRSD/,Video,8,4,192,
Instagram,3978120587056217901,2026-09-03T15:26:27.000Z,https://www.instagram.com/p/Dc1H5jRJ38t/,Video,10,0,196,
Instagram,3992622407020489656,2026-09-23T15:36:43.000Z,https://www.instagram.com/p/DdopOzkuKu4/,Video,7,0,163,
Instagram,3975927537556167266,2026-08-31T14:47:17.000Z,https://www.instagram.com/p/DctVQewuppi/,Video,8,0,226,
Instagram,3996987725709601431,2026-09-29T16:08:53.000Z,https://www.instagram.com/p/Dd4JyjahGqX/,Video,10,1,110,
Instagram,3988946258362133667,2026-09-18T13:55:20.000Z,https://www.instagram.com/p/DdblXzVzGyj/,Video,7,0,300,
Instagram,3978957952681549490,2026-09-04T19:09:45.000Z,https://www.instagram.com/p/Dc4GS0xzJ6y/,Video,22,0,370,
Instagram,3977404849699057396,2026-09-02T15:41:14.000Z,https://www.instagram.com/p/DcylKM6Om70/,Video,7,0,192,
Instagram,3996213746325246741,2026-09-28T14:33:23.000Z,https://www.instagram.com/p/Dd1Zzq8P9MV/,Video,15,1,282,
Instagram,3980259011964499180,2026-09-06T14:15:08.000Z,https://www.instagram.com/p/Dc8uHuqMPTs/,Image,16,0,,
Instagram,3978850992131766437,2026-09-04T15:34:59.000Z,https://www.instagram.com/p/Dc3t-WAOXil/,Image,4,0,,
Instagram,3976804989592196719,2026-09-01T19:50:46.000Z,https://www.instagram.com/p/DcwcxFppNZv/,Video,6,0,157,
Instagram,3982475662369130461,2026-09-09T15:36:40.000Z,https://www.instagram.com/p/DdEmIPOJofd/,Video,42,1,632,
Instagram,3975998064954000962,2026-08-31T17:09:02.000Z,https://www.instagram.com/p/DctlSyhOUZC/,Video,6,0,146,
Instagram,3986970511864692602,2026-09-15T20:27:53.000Z,https://www.instagram.com/p/DdUkI6Bpv96/,Video,7,2,360,
Instagram,3976714722270682223,2026-09-01T16:51:22.000Z,https://www.instagram.com/p/DcwIPhqApxv/,Video,20,0,210,
Instagram,3981608258844798175,2026-09-08T10:53:20.000Z,https://www.instagram.com/p/DdBg52vNKzf/,Image,6,0,,
Instagram,3972312100591229570,2026-08-26T15:05:38.000Z,https://www.instagram.com/p/DcgfM8sudqC/,Video,2,0,190,
Instagram,3960860737116977646,2026-08-10T19:51:32.000Z,https://www.instagram.com/p/Db3zdrYpjnu/,Video,4,0,214,
Instagram,3966597341560876525,2026-08-18T17:50:26.000Z,https://www.instagram.com/p/DcML0Qmvq3t/,Image,5,4,,
Instagram,3965941853851211389,2026-08-17T20:06:59.000Z,https://www.instagram.com/p/DcJ2xqGp9Z9/,Image,16,3,,
Instagram,3971667111207871569,2026-08-25T17:43:45.000Z,https://www.instagram.com/p/DceMjHhpaRR/,Video,13,0,246,
Instagram,3961584309619913321,2026-08-11T19:49:29.000Z,https://www.instagram.com/p/Db6X_Cyp_Jp/,Video,12,1,379,
Instagram,3973732477431300073,2026-08-28T14:05:34.000Z,https://www.instagram.com/p/DcliKJtub_p/,Video,12,0,353,
Instagram,3964349857417208190,2026-08-15T15:23:32.000Z,https://www.instagram.com/p/DcEMzD4uSF-/,Video,3,0,542,
Instagram,3970950497266322716,2026-08-24T17:58:00.000Z,https://www.instagram.com/p/DcbpnAyOE0c/,Video,5,0,254,
Instagram,3960958208976636826,2026-08-10T23:05:07.000Z,https://www.instagram.com/p/Db4JoFIOEua/,Video,8,2,258,
Instagram,3973080161304837409,2026-08-27T16:29:08.000Z,https://www.instagram.com/p/DcjN1s-uf0h/,Video,10,1,288,
Instagram,3975206256678419203,2026-08-30T14:54:12.000Z,https://www.instagram.com/p/DcqxQdmOjsD/,Video,8,0,225,
Instagram,3959994197535622757,2026-08-09T15:11:00.000Z,https://www.instagram.com/p/Db0ub3guAZl/,Video,10,0,256,
Instagram,3957729627064588032,2026-08-06T12:13:36.000Z,https://www.instagram.com/p/DbsriB6OVcA/,Video,10,0,525,
Instagram,3956406388224947344,2026-08-04T16:23:21.000Z,https://www.instagram.com/p/Dbn-qXtO_SQ/,Video,17,0,434,
Instagram,3958546410046516578,2026-08-07T15:14:07.000Z,https://www.instagram.com/p/DbvlPyVuG1i/,Video,15,1,242,
Instagram,3958203814967389291,2026-08-07T03:53:19.000Z,https://www.instagram.com/p/DbuXWXzuixr/,Video,24,1,460,
Instagram,3955582218268123682,2026-08-03T13:06:54.000Z,https://www.instagram.com/p/DblDRHnuSIi/,Video,15,1,284,
Instagram,3952916781930514180,2026-07-30T20:51:39.000Z,https://www.instagram.com/p/DbblN6lpgcE/,Image,3,0,,
Instagram,3954852569770712147,2026-08-02T12:54:05.000Z,https://www.instagram.com/p/DbidXVgOVxT/,Video,5,0,301,
Instagram,3960074736600759472,2026-08-09T17:48:37.000Z,https://www.instagram.com/p/Db1Av3XFjyw/,Sidecar,47,7,,
Instagram,3959263004720728700,2026-08-08T14:58:18.000Z,https://www.instagram.com/p/DbyILnIuYp8/,Image,12,0,,
Instagram,3931987228610985605,2026-07-01T23:46:04.000Z,https://www.instagram.com/p/DaROY1Guv6F/,Image,13,0,,
Instagram,3897581467727700956,2026-05-15T12:25:39.000Z,https://www.instagram.com/p/DYW_bHTDiPc/,Sidecar,26,1,,
Instagram,3948331209556790690,2026-07-24T12:59:13.000Z,https://www.instagram.com/p/DbLSlDhOI2i/,Video,140,0,10915,
Instagram,3897070432739980814,2026-05-14T19:32:12.000Z,https://www.instagram.com/p/DYVLOk4JPYO/,Video,30,2,688,
Instagram,3940311097285533701,2026-07-13T11:31:00.000Z,https://www.instagram.com/p/DauzBD6O-AF/,Video,15,3,462,
Instagram,3960722901727698066,2026-08-10T15:18:46.000Z,https://www.instagram.com/p/Db3UH6LO9yS/,Video,13,0,369,
Instagram,3946194880215764232,2026-07-21T14:13:00.000Z,https://www.instagram.com/p/DbDs1Xxuc0I/,Video,6,0,306,
Instagram,3952725764335059951,2026-07-30T14:30:17.000Z,https://www.instagram.com/p/Dba5yPlucPv/,Video,12,1,352,
Instagram,3945480847447699484,2026-07-20T14:34:29.000Z,https://www.instagram.com/p/DbBKe08OjAc/,Image,5,0,,
Instagram,3942477387648017882,2026-07-16T11:06:45.000Z,https://www.instagram.com/p/Da2fkvBxSXa/,Image,2,0,,
Instagram,3941276456883489416,2026-07-14T19:21:44.000Z,https://www.instagram.com/p/DayOg5GJoqI/,Video,4,2,332,
Instagram,3941139960441777594,2026-07-14T14:50:20.000Z,https://www.instagram.com/p/Daxvem4Oq26/,Video,16,0,429,
Instagram,3956539638896022327,2026-08-04T20:50:06.000Z,https://www.instagram.com/p/Dboc9bEJlM3/,Image,18,0,,
Instagram,3951199365530925338,2026-07-28T11:57:03.000Z,https://www.instagram.com/p/DbVeuN7ODka/,Video,127,2,20028,
TikTok,7671133118216015117,2026-08-07T03:54:38.000Z,https://www.tiktok.com/@playheartracermusic/video/7671133118216015117,Video,7,0,119,0
TikTok,7671308355654176014,2026-08-07T15:14:52.000Z,https://www.tiktok.com/@playheartracermusic/video/7671308355654176014,Video,13,0,120,0
TikTok,7672494193398385933,2026-08-10T19:56:33.000Z,https://www.tiktok.com/@playheartracermusic/video/7672494193398385933,Video,3,0,94,0
TikTok,7670893823161044238,2026-08-06T12:25:56.000Z,https://www.tiktok.com/@playheartracermusic/video/7670893823161044238,Video,6,0,152,0
TikTok,7672494277426941197,2026-08-10T19:56:46.000Z,https://www.tiktok.com/@playheartracermusic/video/7672494277426941197,Video,6,0,120,0
TikTok,7690990250117582094,2026-09-29T16:10:41.000Z,https://www.tiktok.com/@playheartracermusic/video/7690990250117582094,Video,0,0,101,0
TikTok,7690955155302337805,2026-09-29T13:54:46.000Z,https://www.tiktok.com/@playheartracermusic/video/7690955155302337805,Video,0,0,155,0
TikTok,7690594323255004429,2026-09-28T14:34:19.000Z,https://www.tiktok.com/@playheartracermusic/video/7690594323255004429,Video,4,0,151,0
TikTok,7688755291403341070,2026-09-23T15:37:37.000Z,https://www.tiktok.com/@playheartracermusic/video/7688755291403341070,Video,3,0,103,0
TikTok,7688335961922571534,2026-09-22T12:31:00.000Z,https://www.tiktok.com/@playheartracermusic/video/7688335961922571534,Video,2,0,104,0
TikTok,7686517737887108366,2026-09-17T14:54:46.000Z,https://www.tiktok.com/@playheartracermusic/video/7686517737887108366,Video,1,0,172,0
TikTok,7686874053658938638,2026-09-18T13:57:31.000Z,https://www.tiktok.com/@playheartracermusic/video/7686874053658938638,Video,0,0,94,0
TikTok,7685861799329058062,2026-09-15T20:29:22.000Z,https://www.tiktok.com/@playheartracermusic/video/7685861799329058062,Video,0,0,128,0
TikTok,7685425026761329933,2026-09-14T16:15:08.000Z,https://www.tiktok.com/@playheartracermusic/video/7685425026761329933,Video,0,0,218,0
TikTok,7684285911982509325,2026-09-11T14:34:28.000Z,https://www.tiktok.com/@playheartracermusic/video/7684285911982509325,Video,4,0,214,0
TikTok,7683945273562795277,2026-09-10T16:32:16.000Z,https://www.tiktok.com/@playheartracermusic/video/7683945273562795277,Video,3,2,65,0
TikTok,7683560625557064974,2026-09-09T15:39:37.000Z,https://www.tiktok.com/@playheartracermusic/video/7683560625557064974,Video,6,0,169,0
TikTok,7682426227222646030,2026-09-06T14:17:51.000Z,https://www.tiktok.com/@playheartracermusic/video/7682426227222646030,Video,0,0,349,0
TikTok,7681760289024380173,2026-09-04T19:13:35.000Z,https://www.tiktok.com/@playheartracermusic/video/7681760289024380173,Video,4,0,148,0
TikTok,7681705050367970573,2026-09-04T15:39:29.000Z,https://www.tiktok.com/@playheartracermusic/video/7681705050367970573,Video,3,0,460,0
TikTok,7681330860888575246,2026-09-03T15:27:06.000Z,https://www.tiktok.com/@playheartracermusic/video/7681330860888575246,Video,8,0,244,1
TikTok,7681286984379206926,2026-09-03T12:36:48.000Z,https://www.tiktok.com/@playheartracermusic/video/7681286984379206926,Video,1,0,114,0
TikTok,7680610917175856397,2026-09-01T16:53:43.000Z,https://www.tiktok.com/@playheartracermusic/video/7680610917175856397,Video,6,2,140,0
TikTok,7680207655272549646,2026-08-31T14:48:54.000Z,https://www.tiktok.com/@playheartracermusic/video/7680207655272549646,Video,1,0,121,0
TikTok,7679839597693603086,2026-08-30T15:00:23.000Z,https://www.tiktok.com/@playheartracermusic/video/7679839597693603086,Video,3,0,107,0
TikTok,7679083942527372558,2026-08-28T14:07:49.000Z,https://www.tiktok.com/@playheartracermusic/video/7679083942527372558,Video,10,0,149,0
TikTok,7678750796149738765,2026-08-27T16:35:05.000Z,https://www.tiktok.com/@playheartracermusic/video/7678750796149738765,Video,4,1,149,0
TikTok,7673264606441164045,2026-08-12T21:45:58.000Z,https://www.tiktok.com/@playheartracermusic/video/7673264606441164045,Video,4,0,116,0
TikTok,7673265264091286797,2026-08-12T21:48:20.000Z,https://www.tiktok.com/@playheartracermusic/video/7673265264091286797,Video,3,0,105,0
TikTok,7675430820319857933,2026-08-18T17:52:09.000Z,https://www.tiktok.com/@playheartracermusic/video/7675430820319857933,Video,5,0,301,0
TikTok,7670285369321065741,2026-08-04T21:05:09.000Z,https://www.tiktok.com/@playheartracermusic/video/7670285369321065741,Video,3,0,109,0
TikTok,7669791444336528654,2026-08-03T13:08:56.000Z,https://www.tiktok.com/@playheartracermusic/video/7669791444336528654,Video,1,0,104,0
TikTok,7669891691867901198,2026-08-03T19:37:29.000Z,https://www.tiktok.com/@playheartracermusic/video/7669891691867901198,Video,1,0,234,0
TikTok,7670285148545355021,2026-08-04T21:04:10.000Z,https://www.tiktok.com/@playheartracermusic/video/7670285148545355021,Video,1,0,106,0
TikTok,7669791093134822669,2026-08-03T13:07:42.000Z,https://www.tiktok.com/@playheartracermusic/video/7669791093134822669,Video,3,0,114,0
TikTok,7669078732384111886,2026-08-01T15:02:52.000Z,https://www.tiktok.com/@playheartracermusic/video/7669078732384111886,Video,1,0,103,0
TikTok,7668428529159277837,2026-07-30T20:59:21.000Z,https://www.tiktok.com/@playheartracermusic/video/7668428529159277837,Video,1,0,166,0
TikTok,7668329002045639949,2026-07-30T14:33:10.000Z,https://www.tiktok.com/@playheartracermusic/video/7668329002045639949,Video,2,0,126,0
TikTok,7667554097989537038,2026-07-28T12:26:13.000Z,https://www.tiktok.com/@playheartracermusic/video/7667554097989537038,Video,7,0,134,0
TikTok,7667218482223729934,2026-07-27T14:43:48.000Z,https://www.tiktok.com/@playheartracermusic/video/7667218482223729934,Video,3,0,331,0
TikTok,7666078492467006734,2026-07-24T13:00:07.000Z,https://www.tiktok.com/@playheartracermusic/video/7666078492467006734,Video,10,0,237,0
TikTok,7664984940227874062,2026-07-21T14:17:03.000Z,https://www.tiktok.com/@playheartracermusic/video/7664984940227874062,Video,7,0,151,0
TikTok,7664634721179061518,2026-07-20T15:37:54.000Z,https://www.tiktok.com/@playheartracermusic/video/7664634721179061518,Video,90,2,664,0
TikTok,7662469297259777293,2026-07-14T19:34:48.000Z,https://www.tiktok.com/@playheartracermusic/video/7662469297259777293,Video,1,0,93,0
TikTok,7662966046437002510,2026-07-16T03:42:23.000Z,https://www.tiktok.com/@playheartracermusic/video/7662966046437002510,Video,0,0,104,0
TikTok,7624192222568795405,2026-04-02T16:00:00.000Z,https://www.tiktok.com/@playheartracermusic/video/7624192222568795405,Video,633,3,1295,2
TikTok,7365960047337164074,2024-05-06T18:47:17.000Z,https://www.tiktok.com/@playheartracermusic/video/7365960047337164074,Video,75,13,2427,0
TikTok,7662062473327021325,2026-07-13T17:16:04.000Z,https://www.tiktok.com/@playheartracermusic/video/7662062473327021325,Video,2,0,111,0
TikTok,7415256085952466206,2024-09-16T15:01:10.000Z,https://www.tiktok.com/@playheartracermusic/video/7415256085952466206,Video,1,0,401,0
TikTok,7662398729223294222,2026-07-14T15:01:06.000Z,https://www.tiktok.com/@playheartracermusic/video/7662398729223294222,Video,2,0,106,0
TikTok,7360307422214343979,2024-04-21T13:12:57.000Z,https://www.tiktok.com/@playheartracermusic/video/7360307422214343979,Video,4,0,691,1
TikTok,7661825884034190605,2026-07-13T01:57:56.000Z,https://www.tiktok.com/@playheartracermusic/video/7661825884034190605,Video,2,0,110,0
TikTok,7661975280570879245,2026-07-13T11:38:31.000Z,https://www.tiktok.com/@playheartracermusic/video/7661975280570879245,Video,2,0,161,0
TikTok,7358531197007400234,2024-04-16T18:19:28.000Z,https://www.tiktok.com/@playheartracermusic/video/7358531197007400234,Video,5,0,300,0
TikTok,7660880436633046286,2026-07-10T12:49:41.000Z,https://www.tiktok.com/@playheartracermusic/video/7660880436633046286,Video,2,0,241,0
TikTok,7657711415763029261,2026-07-01T23:51:48.000Z,https://www.tiktok.com/@playheartracermusic/video/7657711415763029261,Video,2,0,190,0
TikTok,7627677782058749198,2026-04-12T01:25:45.000Z,https://www.tiktok.com/@playheartracermusic/video/7627677782058749198,Video,11,0,1019,0
TikTok,7632005718702394638,2026-04-23T17:20:17.000Z,https://www.tiktok.com/@playheartracermusic/video/7632005718702394638,Video,450,5,956,6
TikTok,7629800892258176269,2026-04-17T18:45:02.000Z,https://www.tiktok.com/@playheartracermusic/video/7629800892258176269,Video,365,6,1414,1
TikTok,7640102461356723470,2026-05-15T13:00:22.000Z,https://www.tiktok.com/@playheartracermusic/video/7640102461356723470,Video,8,0,330,0
Facebook,1476636190955968,2026-09-29T16:09:14.000Z,https://www.facebook.com/reel/1439970401564536/,Video,3,,245,0
Facebook,1476568324296088,2026-09-29T14:43:43.000Z,https://www.facebook.com/playheartracer/posts/pfbid0gSAAeiJ9Lkhvg39RPkJZZtUDTPmswyqjQQFLuqn7PHPsCspystVbHxkZHtnGkRmkl,Post,0,,,0
Facebook,1476526104300310,2026-09-29T13:51:56.000Z,https://www.facebook.com/playheartracer/posts/pfbid02xDLb5r5MeKEo2L3kKF471VrGk3wwEqGYGsgfM7XjhWzYL4qaLT73TKDgSCPJDYBSl,Post,7,,,1
Facebook,1475626451056942,2026-09-28T14:33:38.000Z,https://www.facebook.com/reel/4235962743291008/,Video,11,,359,0
Facebook,1471006671518920,2026-09-23T15:37:04.000Z,https://www.facebook.com/reel/2628631787596741/,Video,2,,54,0
Facebook,1470036891615898,2026-09-22T12:30:40.000Z,https://www.facebook.com/reel/1070457145755548/,Video,12,,353,0
Facebook,1466778085275112,2026-09-18T13:55:32.000Z,https://www.facebook.com/reel/1463103478979668/,Video,5,,272,0
Facebook,1465998358686418,2026-09-17T14:53:50.000Z,https://www.facebook.com/playheartracer/posts/pfbid0ein4JHVEXGfEfJYU2u7zCzfvSiW5KHmkVQ7LfDpx1A9wRghE8GmZnsmvC7Wm4TNNl,Post,3,,,2
Facebook,1465402185412702,2026-09-16T20:59:10.000Z,https://www.facebook.com/playheartracer/posts/pfbid02h3KiSkRQqxjQikvRkQX7TFa7J9LfjSXn5gbrxY9XdsqrxBQv6gdEkhUQf2N3RETwl,Post,4,,,0
Facebook,1464564815496439,2026-09-15T20:28:12.000Z,https://www.facebook.com/reel/1957090664969247/,Video,5,,91,0
Facebook,1463575418928712,2026-09-14T16:12:55.000Z,https://www.facebook.com/playheartracer/posts/pfbid02dC6dzVk5FpMErE6txjxRme1nFnscXsHcKiwFQcp7gH1Zbp4wW91K8u3g9gHDG2Z6l,Post,5,,,0
Facebook,1460293919256862,2026-09-10T17:36:49.000Z,https://www.facebook.com/reel/1090546683941365/,Video,9,,331,0
Facebook,1460242975928623,2026-09-10T16:25:10.000Z,https://www.facebook.com/reel/1089454906821610/,Video,17,,372,0
Facebook,1459375789348675,2026-09-09T15:37:02.000Z,https://www.facebook.com/reel/27884201984594872/,Video,23,,427,0
Facebook,1458348646118056,2026-09-08T10:53:24.000Z,https://www.facebook.com/playheartracer/posts/pfbid0tLatjyjLVSu7psLN4DaFNcGdZf9vA2WsG2ZxeAjvWhWfYVJbh9iD1QDY1mLH5EQfl,Post,10,,,1
Facebook,1456851732934414,2026-09-06T14:15:18.000Z,https://www.facebook.com/playheartracer/posts/pfbid033Rjx52wJJNdM2C7XELxectNs16DyLEpL4557rZuEo8dQR1xzA2ghzTYSxTwuzUvBl,Post,12,,,1
Facebook,1455387503080837,2026-09-04T19:10:08.000Z,https://www.facebook.com/reel/1405159798259875/,Video,18,,998,1
Facebook,1455250336427887,2026-09-04T15:35:08.000Z,https://www.facebook.com/playheartracer/posts/pfbid0Tz4XYfzJxj4cz7f6pZYDaxnUo3Xmo8ujs35ZxXiDqAh9hFaLFXyvqmQqHaVDdN7ml,Post,9,,,2
Facebook,1454354969850757,2026-09-03T15:26:44.000Z,https://www.facebook.com/reel/1548701726466705/,Video,6,,299,0
Facebook,1454238279862426,2026-09-03T12:40:05.000Z,https://www.facebook.com/reel/1054121654267118/,Video,8,,323,0
Facebook,1453554323264155,2026-09-02T15:41:25.000Z,https://www.facebook.com/reel/4352735281613970/,Video,7,,339,0
Facebook,1452890149997239,2026-09-01T19:51:09.000Z,https://www.facebook.com/reel/1477658747602408/,Video,5,,67,1
Facebook,1452783563341231,2026-09-01T16:51:34.000Z,https://www.facebook.com/reel/1118157217204165/,Video,10,,406,0
Facebook,1451980970088157,2026-08-31T17:09:21.000Z,https://www.facebook.com/reel/1106759838590133/,Video,5,,342,0
Facebook,1451886253430962,2026-08-31T14:47:29.000Z,https://www.facebook.com/reel/1626563402440100/,Video,10,,302,0
Facebook,1451090570177197,2026-08-30T14:54:27.000Z,https://www.facebook.com/reel/2160466604847418/,Video,7,,381,1
Facebook,1449421523677435,2026-08-28T14:05:50.000Z,https://www.facebook.com/reel/1445861757600928/,Video,19,,520,0
Facebook,1448655550420699,2026-08-27T16:29:22.000Z,https://www.facebook.com/reel/2903775689987193/,Video,9,,358,0
Facebook,1447782873841300,2026-08-26T15:06:01.000Z,https://www.facebook.com/reel/1086746203695253/,Video,15,,402,0
Facebook,1447764763843111,2026-08-26T14:40:09.000Z,https://www.facebook.com/playheartracer/posts/pfbid02UbJh8bSLai6bqwnVtfBScYPNA6yiTxmtUV5wCCigGFmxV7mDWisfKc1awtMWzdtl,Post,8,,,0
Facebook,1447054627247458,2026-08-25T17:44:14.000Z,https://www.facebook.com/reel/2478321426001505/,Video,7,,348,0
Facebook,1446234833996104,2026-08-24T17:58:25.000Z,https://www.facebook.com/reel/1536812361087785/,Video,13,,760,1
Facebook,1441247257828195,2026-08-18T17:50:40.000Z,https://www.facebook.com/playheartracer/posts/pfbid0T3tmg9e6VKf18C8UNNYnbQhVLKxXt1TZAwmK66bPURZ7rCvgYvrWjFyX7Vug1isDl,Post,12,,,0
Facebook,1440522771233977,2026-08-17T20:07:11.000Z,https://www.facebook.com/playheartracer/posts/pfbid0366PA81eAsdewKc2nrby3rmB2iJQa1ygWKaaV92JRDhMjerUzEGPsi73gJjYm44XZl,Post,11,,,0
Facebook,1439582144661373,2026-08-16T17:16:34.000Z,https://www.facebook.com/playheartracer/posts/pfbid02zocRpibF5oavgQWHUU5EEukHmxFFmigMhA76hYzD313Q3cnhmCNfnF3H5mqx5JEDl,Post,9,,,0
Facebook,1438675131418741,2026-08-15T15:23:49.000Z,https://www.facebook.com/reel/2046648889547617/,Video,5,,483,0
Facebook,1437650061521248,2026-08-14T11:48:11.000Z,https://www.facebook.com/playheartracer/posts/pfbid0JPCWdGbVCtSytNMeg3LGH2hQTXpxB6UX4hZWNBLQ2Yiwy3Kwkz2bPAm4ZiwL6vbWl,Post,18,,,0
Facebook,1437138964905691,2026-08-13T19:55:16.000Z,https://www.facebook.com/playheartracer/posts/pfbid02eeqy3mRBfyZmEvsAmxDDQDaFh4uPMYWFMxM5mP6hoKj77cgf2hgSRuNE9aK6qr4ol,Post,5,,,0
Facebook,1435460375073550,2026-08-11T19:49:42.000Z,https://www.facebook.com/reel/1378799813583047/,Video,6,,389,0
Facebook,1434762885143299,2026-08-10T23:05:27.000Z,https://www.facebook.com/reel/1565068845413572/,Video,9,,402,0
